,,,Languages,Bites,,,Most Used Languages,Bites
ActionScript,19946,,C,916562463,,,C,0
ActionScript.1,9116,,PHP,237634933,,,PHP,237634933
ActionScript.2,7232,,Go,74265009,,,Go,74265009
Ada,89080,,TypeScript,65824304,,,TypeScript,65824304
Agda,56623,,Java,55905060,,,Java,55905060
Agda.1,1822768,,Python,50964391,,,Python,50964391
ANTLR,21124,,HTML,50057090,,,HTML,50057090
ApacheConf,537,,R,35306117,,,R,35306117
ApacheConf.1,332,,Ruby,34844659,,,Ruby,34844659
ApacheConf.2,1960,,Haskell,31654610,,,Haskell,31654610
ApacheConf.3,2717,,Scala,27998995,,,Scala,27998995
ApacheConf.4,4313,,Bison,21676388,,,Bison,0
ApacheConf.5,868,,Assemby,10760835,,,Assemby,0
ApacheConf.6,362,,Shell,12807125,,,Shell,12807125
AppleScript,1632,,CSS,8994593,,,CSS,8994593
AppleScript.1,1165,,OCaml,7117498,,,,
AppleScript.2,1651,,Perl,6095681,,,,
Arduino,4169,,Tcl,6073555,,,,
ASP,838,,Vim.script,5940020,,,,
ASP.1,614,,Kotlin.1,4248071,,,,
ASP.2,106,,Clojure,3749332,,,,
ASP.3,16616,,JavaScript,3749332,,,,
ASP.4,112,,Groovy,3493722,,,,
Assembly,6156783,,TeX,2785049,,,,
Assembly.1,7354,,Objective.C,2590230,,,,
Assembly.10,3970,,Nemerle,2367088,,,,
Assembly.2,2228902,,Makefile,2260159,,,,
Assembly.3,604,,Agda,10139909,,,,
Assembly.4,413832,,Visual.Basic,1426148,,,,
Assembly.5,13433,,CoffeeScript,1249447,,,,
Assembly.6,10126476,,WebAssembly,1198049,,,,
Assembly.7,28456,,Emacs,1175080,,,,
Assembly.8,146010,,Matlab,1161908,,,,
Assembly.9,5736,,Cmake,1076204,,,,
Awk,450,,Jupyter.Notebook,946097,,,,
Awk.1,14160,,M4,828919,,,,
Awk.10,6549,,Gettext.Catalog,801975,,,,
Awk.11,5129,,Swift,724682,,,,
Awk.12,14119,,Lua,679002,,,,
Awk.2,18254,,XSLT,652023,,,,
Awk.3,18254,,PostScript,498628,,,,
Awk.4,1379,,Protocol.Buffer,395280,,,,
Awk.5,19627,,Gherkin,284426,,,,
Awk.6,51609,,Groff,273295,,,,
Awk.7,2280,,Yacc,251944,,,,
Awk.8,8646,,Blitzbasic,207402,,,,
Awk.9,14111,,GAP,204247,,,,
BatcA49:A80hfile,7351,,Awk,409785,,,,
BatcA50:A80hfile.1,2035,,Lex,156747,,,,
Batchfile.10,56,,PowerShell,146098,,,,
Batchfile.11,197,,Prolog,120480,,,,
Batchfile.12,1237,,Batchfile,82620303,,,,
Batchfile.13,55292,,NSIS,89607,,,,
Batchfile.14,1792,,Ada ,945,,,,
Batchfile.15,7249,,Roff.1,88728,,,,
Batchfile.16,945,,D,210012,,,,
Batchfile.17,663,,UrWeb,65535,,,,
Batchfile.18,4909,,UnrealScript.1,62349,,,,
Batchfile.19,4089,,GLSL,61369,,,,
Batchfile.2,2393,,Gnuplot,50950,,,,
Batchfile.20,290,,SaltStack,47867,,,,
Batchfile.21,6467,,Elixir,43968,,,,
Batchfile.22,4515,,Erlang,41800,,,,
Batchfile.23,791,,Pascal,40318,,,,
Batchfile.24,2069,,QMake,38106,,,,
Batchfile.25,439,,Thrift,37733,,,,
Batchfile.26,263,,Smarty,37172,,,,
Batchfile.27,335,,dart,36881,,,,
Batchfile.28,229,,Action Script ,882,,,,
Batchfile.29,526,,Pony,27364,,,,
Batchfile.3,127,,Scilab,21433,,,,
Batchfile.30,402,,Antler,2049,,,,
Batchfile.31,265,,Logos,19627,,,,
Batchfile.4,4597,,Asp,527523,,,,
Batchfile.5,2049,,Rebol,17856,,,,
Batchfile.6,1326,,Elm,17479,,,,
Batchfile.7,32,,GDB,13742,,,,
Batchfile.8,2071,,PLpgSQL,13310,,,,
Batchfile.9,15,,Nginx,11384,,,,
Bison,3589,,ApacheConf,594115,,,,
Bison.1,65010,,RAML,10812,,,,
Bison.2,56837,,Crystal,10463,,,,
Bison.3,65932,,Dtrace,10172,,,,
BitBake,660,,Rust.3,9453,,,,
BlitzBasic,207402,,Nix,8975,,,,
C,4300,,M,3199,,,,
C,313949,,IDL,8422,,,,
C.,1414,,CLIPS,6933,,,,
C...1,458,,Smalltalk,6204,,,,
C...10,1283491,,Fortran,5609,,,,
C...11,7099,,E,2293,,,,
C...12,1370,,VCL,5217,,,,
C...13,23769120,,KRL,5167,,,,
C...14,71043,,J,26264394,,,,
C...15,38431,,AppleScript,224821,,,,
C...16,907938,,Arduino,4169,,,,
C...17,6913,,Meson,3725,,,,
C...18,146322,,Mako,3465,,,,
C...19,85744,,Parrot,2922,,,,
C...2,135,,MoonScript,2405,,,,
C...20,6829074,,SQLPL,2312,,,,
C...21,807762,,SourcePawn,2185,,,,
C...22,230499,,Racket,2019,,,,
C...23,7247,,SAS,1847,,,,
C...24,187627,,Inno.Setup,1798,,,,
C...25,29947,,Ragel.in.Ruby.Host,1581,,,,
C...26,18435,,Vala,1572,,,,
C...27,26047,,Scheme.1,1112,,,,
C...28,8476,,Standard.ML,965,,,,
C...29,20241144,,Volt,769,,,,
C...3,2631,,Graphviz,744,,,,
C...30,114565,,Bitbake,660,,,,
C...31,152084,,LLVM,604,,,,
C...32,201267,,Zimpl,565,,,,
C...33,1762,,PureScript,556,,,,
C...34,14661,,OpenEdge.ABL,390,,,,
C...35,19484,,Terra,286,,,,
C...36,26199334,,Nim,253,,,,
C...37,2493034,,Handlebars,171,,,,
C...38,1108,,Cap.n.Proto,10488,,,,
C...39,86996,,Diff,134,,,,
C...4,5149,,,,,,,
C...40,155269,,,,,,,
C...41,3143,,,,,,,
C...42,3668,,,,,,,
C...43,11757,,,,,,,
C...44,83665,,,,,,,
C...45,156420,,,,,,,
C...46,3503852,,,,,,,
C...47,327120,,,,,,,
C...48,4766498,,,,,,,
C...49,38018293,,,,,,,
C...5,2197204,,,,,,,
C...50,544649,,,,,,,
C...51,39,,,,,,,
C...52,12130,,,,,,,
C...53,15952,,,,,,,
C...54,9730,,,,,,,
C...55,25113,,,,,,,
C...56,1309047,,,,,,,
C...57,124447,,,,,,,
C...58,25408,,,,,,,
C...59,24235973,,,,,,,
C...6,10718,,,,,,,
C...60,15702,,,,,,,
C...61,288,,,,,,,
C...62,2359888,,,,,,,
C...63,65016,,,,,,,
C...64,5930,,,,,,,
C...65,6255,,,,,,,
C...66,9738,,,,,,,
C...67,1454,,,,,,,
C...68,54846,,,,,,,
C...69,651026,,,,,,,
C...7,38734,,,,,,,
C...70,8089740,,,,,,,
C...71,499991,,,,,,,
C...72,1671072,,,,,,,
C...73,3736302,,,,,,,
C...74,3876771,,,,,,,
C...75,3193688,,,,,,,
C...76,30615,,,,,,,
C...8,3286,,,,,,,
C...9,14702,,,,,,,
C..1,241452,,,,,,,
C..10,84841,,,,,,,
C..11,2336967,,,,,,,
C..12,1061466,,,,,,,
C..13,884365,,,,,,,
C..14,664935,,,,,,,
C..15,61705,,,,,,,
C..16,406978,,,,,,,
C..17,89466,,,,,,,
C..18,713882,,,,,,,
C..19,35587,,,,,,,
C..2,1378,,,,,,,
C..20,60656,,,,,,,
C..21,180713,,,,,,,
C..22,2775227,,,,,,,
C..23,728,,,,,,,
C..3,1049501,,,,,,,
C..4,103989,,,,,,,
C..5,54011,,,,,,,
C..6,6602,,,,,,,
C..7,28516,,,,,,,
C..8,4334442,,,,,,,
C..9,8354,,,,,,,
C.1,10210,,,,,,,
C.10,194665,,,,,,,
C.100,17211,,,,,,,
C.101,11543,,,,,,,
C.102,0,,,,,,,
C.103,2630,,,,,,,
C.104,28577,,,,,,,
C.105,586169,,,,,,,
C.106,998,,,,,,,
C.107,3649,,,,,,,
C.108,776,,,,,,,
C.109,74068,,,,,,,
C.11,176,,,,,,,
C.110,628439,,,,,,,
C.111,699355,,,,,,,
C.112,53285611,,,,,,,
C.113,119667,,,,,,,
C.114,964,,,,,,,
C.12,529,,,,,,,
C.13,12171,,,,,,,
C.14,137857,,,,,,,
C.15,17762,,,,,,,
C.16,247091,,,,,,,
C.17,343390,,,,,,,
C.18,744,,,,,,,
C.19,102964,,,,,,,
C.2,945,,,,,,,
C.20,60139,,,,,,,
C.21,53116854,,,,,,,
C.22,196746,,,,,,,
C.23,186012,,,,,,,
C.24,208484,,,,,,,
C.25,148918,,,,,,,
C.26,90376,,,,,,,
C.27,20653,,,,,,,
C.28,166572,,,,,,,
C.29,166515,,,,,,,
C.3,2230,,,,,,,
C.30,22748,,,,,,,
C.31,355260,,,,,,,
C.32,57976,,,,,,,
C.33,118990,,,,,,,
C.34,8656,,,,,,,
C.35,85282,,,,,,,
C.36,352,,,,,,,
C.37,623712,,,,,,,
C.38,1235234,,,,,,,
C.39,4572130,,,,,,,
C.4,81449,,,,,,,
C.40,6146068,,,,,,,
C.41,716712,,,,,,,
C.42,5638,,,,,,,
C.43,397380,,,,,,,
C.44,98355,,,,,,,
C.45,103,,,,,,,
C.46,995323,,,,,,,
C.47,1015459,,,,,,,
C.48,975486,,,,,,,
C.49,31624,,,,,,,
C.5,79369,,,,,,,
C.50,2264567,,,,,,,
C.51,2595,,,,,,,
C.52,3059,,,,,,,
C.53,141,,,,,,,
C.54,148190,,,,,,,
C.55,1251638,,,,,,,
C.56,6383,,,,,,,
C.57,498146,,,,,,,
C.58,178998,,,,,,,
C.59,3946,,,,,,,
C.6,59133,,,,,,,
C.60,199495,,,,,,,
C.61,109073,,,,,,,
C.62,33008,,,,,,,
C.63,519596997,,,,,,,
C.64,8940,,,,,,,
C.65,174854,,,,,,,
C.66,31960,,,,,,,
C.67,2142,,,,,,,
C.68,4712,,,,,,,
C.69,128250,,,,,,,
C.7,3493,,,,,,,
C.70,5625,,,,,,,
C.71,702981,,,,,,,
C.72,58649912,,,,,,,
C.73,1200,,,,,,,
C.74,322238,,,,,,,
C.75,10885,,,,,,,
C.76,2812,,,,,,,
C.77,5715,,,,,,,
C.78,164554,,,,,,,
C.79,1343150,,,,,,,
C.8,57575,,,,,,,
C.80,1438,,,,,,,
C.81,87563,,,,,,,
C.82,4320,,,,,,,
C.83,1678963,,,,,,,
C.84,81894,,,,,,,
C.85,336203,,,,,,,
C.86,103602,,,,,,,
C.87,11923257,,,,,,,
C.88,315460,,,,,,,
C.89,3488846,,,,,,,
C.9,279594,,,,,,,
C.90,3190489,,,,,,,
C.91,8746,,,,,,,
C.92,50468693,,,,,,,
C.93,144265,,,,,,,
C.94,26525,,,,,,,
C.95,13018,,,,,,,
C.96,29728,,,,,,,
C.97,2662610,,,,,,,
C.98,60504,,,,,,,
C.99,10470,,,,,,,
Cap.n.Proto,146,,,,,,,
CLIPS,6933,,,,,,,
Clojure,3740,,,,,,,
Clojure.1,27782,,,,,,,
Clojure.10,132976,,,,,,,
Clojure.11,50719,,,,,,,
Clojure.12,10312,,,,,,,
Clojure.13,46696,,,,,,,
Clojure.14,2533,,,,,,,
Clojure.15,7600,,,,,,,
Clojure.16,12633,,,,,,,
Clojure.17,233671,,,,,,,
Clojure.18,3813,,,,,,,
Clojure.19,1599,,,,,,,
Clojure.2,4993,,,,,,,
Clojure.20,2923,,,,,,,
Clojure.21,2768,,,,,,,
Clojure.22,5551,,,,,,,
Clojure.23,59468,,,,,,,
Clojure.24,20171,,,,,,,
Clojure.25,2732,,,,,,,
Clojure.26,5053,,,,,,,
Clojure.27,1171,,,,,,,
Clojure.28,745,,,,,,,
Clojure.29,30410,,,,,,,
Clojure.3,11386,,,,,,,
Clojure.30,32374,,,,,,,
Clojure.31,21495,,,,,,,
Clojure.32,22968,,,,,,,
Clojure.33,123890,,,,,,,
Clojure.34,1472,,,,,,,
Clojure.35,1447,,,,,,,
Clojure.36,87344,,,,,,,
Clojure.37,7206,,,,,,,
Clojure.38,4533,,,,,,,
Clojure.39,1371,,,,,,,
Clojure.4,111840,,,,,,,
Clojure.40,4390,,,,,,,
Clojure.41,56319,,,,,,,
Clojure.42,69218,,,,,,,
Clojure.43,2143,,,,,,,
Clojure.44,3149,,,,,,,
Clojure.45,510199,,,,,,,
Clojure.46,23141,,,,,,,
Clojure.47,14186,,,,,,,
Clojure.48,141715,,,,,,,
Clojure.49,127262,,,,,,,
Clojure.5,522,,,,,,,
Clojure.50,1398,,,,,,,
Clojure.51,1113,,,,,,,
Clojure.6,1234127,,,,,,,
Clojure.7,1928,,,,,,,
Clojure.8,194055,,,,,,,
Clojure.9,267082,,,,,,,
CMake,12691,,,,,,,
CMake.1,107557,,,,,,,
CMake.2,10737,,,,,,,
CMake.3,69224,,,,,,,
CMake.4,3489,,,,,,,
CMake.5,45422,,,,,,,
CMake.6,744246,,,,,,,
CMake.7,8236,,,,,,,
CMake.8,32512,,,,,,,
CMake.9,42090,,,,,,,
CoffeeScript,316756,,,,,,,
CoffeeScript.1,4035,,,,,,,
CoffeeScript.10,276595,,,,,,,
CoffeeScript.11,3032,,,,,,,
CoffeeScript.12,15084,,,,,,,
CoffeeScript.13,2847,,,,,,,
CoffeeScript.14,5073,,,,,,,
CoffeeScript.15,156,,,,,,,
CoffeeScript.16,1166,,,,,,,
CoffeeScript.17,1218,,,,,,,
CoffeeScript.18,264176,,,,,,,
CoffeeScript.19,516,,,,,,,
CoffeeScript.2,7518,,,,,,,
CoffeeScript.20,655,,,,,,,
CoffeeScript.21,34400,,,,,,,
CoffeeScript.22,40932,,,,,,,
CoffeeScript.23,148649,,,,,,,
CoffeeScript.24,77266,,,,,,,
CoffeeScript.25,30278,,,,,,,
CoffeeScript.3,777,,,,,,,
CoffeeScript.4,4863,,,,,,,
CoffeeScript.5,0,,,,,,,
CoffeeScript.6,10613,,,,,,,
CoffeeScript.7,265,,,,,,,
CoffeeScript.8,2533,,,,,,,
CoffeeScript.9,44,,,,,,,
Crystal,250,,,,,,,
Crystal.1,10213,,,,,,,
CSS,1373,,,,,,,
CSS.1,17189,,,,,,,
CSS.10,84169,,,,,,,
CSS.100,11509,,,,,,,
CSS.101,29011,,,,,,,
CSS.102,404,,,,,,,
CSS.103,24,,,,,,,
CSS.104,252,,,,,,,
CSS.105,44529,,,,,,,
CSS.106,7690,,,,,,,
CSS.107,16641,,,,,,,
CSS.108,575,,,,,,,
CSS.109,10488,,,,,,,
CSS.11,12145,,,,,,,
CSS.110,107258,,,,,,,
CSS.111,2030,,,,,,,
CSS.112,104677,,,,,,,
CSS.113,14421,,,,,,,
CSS.114,2462,,,,,,,
CSS.115,1025,,,,,,,
CSS.116,1305,,,,,,,
CSS.117,1025,,,,,,,
CSS.118,136072,,,,,,,
CSS.119,919,,,,,,,
CSS.12,779,,,,,,,
CSS.120,4060,,,,,,,
CSS.121,621,,,,,,,
CSS.122,288,,,,,,,
CSS.123,1258,,,,,,,
CSS.124,1425,,,,,,,
CSS.125,20436,,,,,,,
CSS.126,34660,,,,,,,
CSS.127,3390,,,,,,,
CSS.128,1855,,,,,,,
CSS.129,843,,,,,,,
CSS.13,25570,,,,,,,
CSS.130,14130,,,,,,,
CSS.131,30341,,,,,,,
CSS.132,30341,,,,,,,
CSS.133,29606,,,,,,,
CSS.134,456,,,,,,,
CSS.135,1127,,,,,,,
CSS.136,83156,,,,,,,
CSS.137,3224,,,,,,,
CSS.138,13502,,,,,,,
CSS.139,11567,,,,,,,
CSS.14,5093,,,,,,,
CSS.140,4189,,,,,,,
CSS.141,14817,,,,,,,
CSS.142,14961,,,,,,,
CSS.143,675,,,,,,,
CSS.144,8736,,,,,,,
CSS.145,2276,,,,,,,
CSS.146,98567,,,,,,,
CSS.147,33644,,,,,,,
CSS.148,801,,,,,,,
CSS.149,12892,,,,,,,
CSS.15,3633,,,,,,,
CSS.150,21552,,,,,,,
CSS.151,137421,,,,,,,
CSS.152,1477,,,,,,,
CSS.153,2276,,,,,,,
CSS.154,44780,,,,,,,
CSS.155,379774,,,,,,,
CSS.156,1032,,,,,,,
CSS.157,94103,,,,,,,
CSS.158,31352,,,,,,,
CSS.159,17528,,,,,,,
CSS.16,283,,,,,,,
CSS.160,21668,,,,,,,
CSS.161,140,,,,,,,
CSS.162,3645,,,,,,,
CSS.163,23286,,,,,,,
CSS.164,21300,,,,,,,
CSS.165,275091,,,,,,,
CSS.166,417914,,,,,,,
CSS.167,388583,,,,,,,
CSS.168,170096,,,,,,,
CSS.169,3245,,,,,,,
CSS.17,10309,,,,,,,
CSS.170,6671,,,,,,,
CSS.171,3153,,,,,,,
CSS.172,32373,,,,,,,
CSS.173,4275,,,,,,,
CSS.174,75005,,,,,,,
CSS.175,9656,,,,,,,
CSS.176,238636,,,,,,,
CSS.177,493424,,,,,,,
CSS.178,27409,,,,,,,
CSS.179,57153,,,,,,,
CSS.18,11351,,,,,,,
CSS.180,24524,,,,,,,
CSS.181,43141,,,,,,,
CSS.182,778280,,,,,,,
CSS.183,4773,,,,,,,
CSS.184,37347,,,,,,,
CSS.185,9773,,,,,,,
CSS.186,92244,,,,,,,
CSS.187,20873,,,,,,,
CSS.188,144,,,,,,,
CSS.189,239811,,,,,,,
CSS.19,114185,,,,,,,
CSS.2,1219,,,,,,,
CSS.20,11478,,,,,,,
CSS.21,27811,,,,,,,
CSS.22,38020,,,,,,,
CSS.23,612442,,,,,,,
CSS.24,8743,,,,,,,
CSS.25,2867,,,,,,,
CSS.26,1277,,,,,,,
CSS.27,474,,,,,,,
CSS.28,1046,,,,,,,
CSS.29,160758,,,,,,,
CSS.3,7267,,,,,,,
CSS.30,357,,,,,,,
CSS.31,540,,,,,,,
CSS.32,71030,,,,,,,
CSS.33,21027,,,,,,,
CSS.34,106229,,,,,,,
CSS.35,5652,,,,,,,
CSS.36,2831,,,,,,,
CSS.37,4021,,,,,,,
CSS.38,8562,,,,,,,
CSS.39,35,,,,,,,
CSS.4,6990,,,,,,,
CSS.40,4242,,,,,,,
CSS.41,45223,,,,,,,
CSS.42,142945,,,,,,,
CSS.43,375083,,,,,,,
CSS.44,43522,,,,,,,
CSS.45,15158,,,,,,,
CSS.46,24063,,,,,,,
CSS.47,2243,,,,,,,
CSS.48,35083,,,,,,,
CSS.49,4015,,,,,,,
CSS.5,19111,,,,,,,
CSS.50,99021,,,,,,,
CSS.51,12144,,,,,,,
CSS.52,284938,,,,,,,
CSS.53,236054,,,,,,,
CSS.54,64459,,,,,,,
CSS.55,7626,,,,,,,
CSS.56,9238,,,,,,,
CSS.57,28559,,,,,,,
CSS.58,622,,,,,,,
CSS.59,1085,,,,,,,
CSS.6,1075,,,,,,,
CSS.60,13121,,,,,,,
CSS.61,26923,,,,,,,
CSS.62,6774,,,,,,,
CSS.63,5658,,,,,,,
CSS.64,11615,,,,,,,
CSS.65,7813,,,,,,,
CSS.66,6339,,,,,,,
CSS.67,14689,,,,,,,
CSS.68,7026,,,,,,,
CSS.69,60,,,,,,,
CSS.7,8,,,,,,,
CSS.70,149,,,,,,,
CSS.71,35606,,,,,,,
CSS.72,412,,,,,,,
CSS.73,1300,,,,,,,
CSS.74,146942,,,,,,,
CSS.75,400,,,,,,,
CSS.76,2818,,,,,,,
CSS.77,1287,,,,,,,
CSS.78,49,,,,,,,
CSS.79,30187,,,,,,,
CSS.8,30208,,,,,,,
CSS.80,196,,,,,,,
CSS.81,26149,,,,,,,
CSS.82,70895,,,,,,,
CSS.83,19245,,,,,,,
CSS.84,4095,,,,,,,
CSS.85,824,,,,,,,
CSS.86,824,,,,,,,
CSS.87,73309,,,,,,,
CSS.88,57812,,,,,,,
CSS.89,7729,,,,,,,
CSS.9,1237,,,,,,,
CSS.90,5684,,,,,,,
CSS.91,174439,,,,,,,
CSS.92,3140,,,,,,,
CSS.93,15358,,,,,,,
CSS.94,70075,,,,,,,
CSS.95,404,,,,,,,
CSS.96,785,,,,,,,
CSS.97,414,,,,,,,
CSS.98,37979,,,,,,,
CSS.99,7263,,,,,,,
Cuda,1695256,,,,,,,
D,37751,,,,,,,
D.1,22062,,,,,,,
D.2,11767,,,,,,,
D.3,6706,,,,,,,
D.4,7377,,,,,,,
D.5,2849,,,,,,,
Dart,36881,,,,,,,
Diff,134,,,,,,,
DIGITAL.Command.Language,34,,,,,,,
DTrace,4528,,,,,,,
DTrace.1,1116,,,,,,,
DTrace.2,4528,,,,,,,
E,5302,,,,,,,
Elixir,12338,,,,,,,
Elixir.1,31630,,,,,,,
Elm,17479,,,,,,,
Emacs.Lisp,152762,,,,,,,
Emacs.Lisp.1,66945,,,,,,,
Emacs.Lisp.10,817005,,,,,,,
Emacs.Lisp.11,74,,,,,,,
Emacs.Lisp.12,12765,,,,,,,
Emacs.Lisp.13,10543,,,,,,,
Emacs.Lisp.14,210,,,,,,,
Emacs.Lisp.2,1801,,,,,,,
Emacs.Lisp.3,733,,,,,,,
Emacs.Lisp.4,1671,,,,,,,
Emacs.Lisp.5,3104,,,,,,,
Emacs.Lisp.6,14025,,,,,,,
Emacs.Lisp.7,66793,,,,,,,
Emacs.Lisp.8,20358,,,,,,,
Emacs.Lisp.9,6291,,,,,,,
Erlang,41367,,,,,,,
Erlang.1,10,,,,,,,
Erlang.2,423,,,,,,,
Fortran,394,,,,,,,
Fortran.1,678,,,,,,,
Fortran.2,4537,,,,,,,
GAP,4,,,,,,,
GAP.1,203976,,,,,,,
GAP.2,259,,,,,,,
GAP.3,4,,,,,,,
GAP.4,4,,,,,,,
GDB,13491,,,,,,,
GDB.1,251,,,,,,,
Gettext.Catalog,801975,,,,,,,
Gherkin,158784,,,,,,,
Gherkin.1,125642,,,,,,,
GLSL,5398,,,,,,,
GLSL.1,15658,,,,,,,
GLSL.2,369,,,,,,,
GLSL.3,39230,,,,,,,
GLSL.4,714,,,,,,,
Gnuplot,50105,,,,,,,
Gnuplot.1,441,,,,,,,
Gnuplot.2,404,,,,,,,
Go,479,,,,,,,
Go.1,3592,,,,,,,
Go.10,14476,,,,,,,
Go.11,1629,,,,,,,
Go.12,6302,,,,,,,
Go.13,2563,,,,,,,
Go.14,3566,,,,,,,
Go.15,74972,,,,,,,
Go.16,128,,,,,,,
Go.17,382630,,,,,,,
Go.18,6439,,,,,,,
Go.19,151725,,,,,,,
Go.2,2306,,,,,,,
Go.20,27254,,,,,,,
Go.21,21995,,,,,,,
Go.22,2693,,,,,,,
Go.23,79623,,,,,,,
Go.24,242146,,,,,,,
Go.25,22895,,,,,,,
Go.26,929,,,,,,,
Go.27,2293,,,,,,,
Go.28,7917,,,,,,,
Go.29,8481,,,,,,,
Go.3,29560,,,,,,,
Go.30,39170,,,,,,,
Go.31,2389,,,,,,,
Go.32,33670,,,,,,,
Go.33,266716,,,,,,,
Go.34,5237329,,,,,,,
Go.35,1601506,,,,,,,
Go.36,305431,,,,,,,
Go.37,978503,,,,,,,
Go.38,646184,,,,,,,
Go.39,72263,,,,,,,
Go.4,17800,,,,,,,
Go.40,12479,,,,,,,
Go.41,218415,,,,,,,
Go.42,187535,,,,,,,
Go.43,397383,,,,,,,
Go.44,18056,,,,,,,
Go.45,112488,,,,,,,
Go.46,213787,,,,,,,
Go.47,13685,,,,,,,
Go.48,21288,,,,,,,
Go.49,4343,,,,,,,
Go.5,140443,,,,,,,
Go.50,5007,,,,,,,
Go.51,263740,,,,,,,
Go.52,25106308,,,,,,,
Go.53,121175,,,,,,,
Go.54,1867,,,,,,,
Go.55,12080,,,,,,,
Go.56,8384,,,,,,,
Go.57,3715,,,,,,,
Go.58,146204,,,,,,,
Go.59,64411,,,,,,,
Go.6,33668316,,,,,,,
Go.60,67925,,,,,,,
Go.61,32110,,,,,,,
Go.62,3979,,,,,,,
Go.63,7021,,,,,,,
Go.7,1401,,,,,,,
Go.8,22053,,,,,,,
Go.9,3091857,,,,,,,
Graphviz..DOT.,744,,,,,,,
Groff,1316,,,,,,,
Groff.1,270663,,,,,,,
Groff.2,1316,,,,,,,
Groovy,1650,,,,,,,
Groovy.1,1321,,,,,,,
Groovy.10,721,,,,,,,
Groovy.2,15549,,,,,,,
Groovy.3,20518,,,,,,,
Groovy.4,1975731,,,,,,,
Groovy.5,39246,,,,,,,
Groovy.6,545,,,,,,,
Groovy.7,63231,,,,,,,
Groovy.8,1357542,,,,,,,
Groovy.9,17668,,,,,,,
Handlebars,171,,,,,,,
Haskell,2746,,,,,,,
Haskell.1,216446,,,,,,,
Haskell.10,54290,,,,,,,
Haskell.11,54538,,,,,,,
Haskell.12,24795,,,,,,,
Haskell.13,383601,,,,,,,
Haskell.14,109451,,,,,,,
Haskell.15,26965,,,,,,,
Haskell.16,223903,,,,,,,
Haskell.17,66463,,,,,,,
Haskell.18,47096,,,,,,,
Haskell.19,8162,,,,,,,
Haskell.2,52586,,,,,,,
Haskell.20,33809,,,,,,,
Haskell.21,103949,,,,,,,
Haskell.22,203468,,,,,,,
Haskell.23,12204,,,,,,,
Haskell.24,37723,,,,,,,
Haskell.25,2456,,,,,,,
Haskell.26,3879869,,,,,,,
Haskell.27,1095,,,,,,,
Haskell.28,224691,,,,,,,
Haskell.29,847705,,,,,,,
Haskell.3,524661,,,,,,,
Haskell.30,1820,,,,,,,
Haskell.31,102438,,,,,,,
Haskell.32,145629,,,,,,,
Haskell.33,1904,,,,,,,
Haskell.34,113379,,,,,,,
Haskell.35,345848,,,,,,,
Haskell.36,1366,,,,,,,
Haskell.37,169456,,,,,,,
Haskell.38,39607,,,,,,,
Haskell.39,6429,,,,,,,
Haskell.4,16737,,,,,,,
Haskell.40,7930,,,,,,,
Haskell.41,3565,,,,,,,
Haskell.42,3090,,,,,,,
Haskell.43,6499,,,,,,,
Haskell.44,35546,,,,,,,
Haskell.45,403173,,,,,,,
Haskell.46,13712,,,,,,,
Haskell.47,3824,,,,,,,
Haskell.48,21286,,,,,,,
Haskell.49,17302,,,,,,,
Haskell.5,37197,,,,,,,
Haskell.50,193909,,,,,,,
Haskell.51,1688,,,,,,,
Haskell.52,5360,,,,,,,
Haskell.53,3288,,,,,,,
Haskell.54,219495,,,,,,,
Haskell.55,1463201,,,,,,,
Haskell.56,23350,,,,,,,
Haskell.57,22237,,,,,,,
Haskell.58,104923,,,,,,,
Haskell.59,16084,,,,,,,
Haskell.6,106745,,,,,,,
Haskell.60,8095,,,,,,,
Haskell.61,6057,,,,,,,
Haskell.62,3487,,,,,,,
Haskell.63,5478,,,,,,,
Haskell.7,310433,,,,,,,
Haskell.8,20503982,,,,,,,
Haskell.9,16389,,,,,,,
HTML,32997,,,,,,,
HTML.1,758,,,,,,,
HTML.10,34061,,,,,,,
HTML.100,438,,,,,,,
HTML.101,38408,,,,,,,
HTML.102,275419,,,,,,,
HTML.103,7222,,,,,,,
HTML.104,96,,,,,,,
HTML.105,109846,,,,,,,
HTML.106,4480,,,,,,,
HTML.107,1009,,,,,,,
HTML.108,18709,,,,,,,
HTML.109,1009,,,,,,,
HTML.11,107,,,,,,,
HTML.110,18682,,,,,,,
HTML.111,2032,,,,,,,
HTML.112,50621,,,,,,,
HTML.113,233336,,,,,,,
HTML.114,2563,,,,,,,
HTML.115,410,,,,,,,
HTML.116,53,,,,,,,
HTML.117,3706,,,,,,,
HTML.118,2514,,,,,,,
HTML.119,17004,,,,,,,
HTML.12,182566,,,,,,,
HTML.120,530888,,,,,,,
HTML.121,199762,,,,,,,
HTML.122,2674,,,,,,,
HTML.123,553850,,,,,,,
HTML.124,6055,,,,,,,
HTML.125,694,,,,,,,
HTML.126,526826,,,,,,,
HTML.127,2040,,,,,,,
HTML.128,1042081,,,,,,,
HTML.129,1764,,,,,,,
HTML.13,441,,,,,,,
HTML.130,8758,,,,,,,
HTML.131,16047,,,,,,,
HTML.132,523045,,,,,,,
HTML.133,32311,,,,,,,
HTML.134,1116,,,,,,,
HTML.135,3817,,,,,,,
HTML.136,284539,,,,,,,
HTML.137,2718,,,,,,,
HTML.138,1708547,,,,,,,
HTML.139,665168,,,,,,,
HTML.14,1365,,,,,,,
HTML.140,665242,,,,,,,
HTML.141,209,,,,,,,
HTML.142,44721,,,,,,,
HTML.143,53437,,,,,,,
HTML.144,24223,,,,,,,
HTML.145,3397031,,,,,,,
HTML.146,1011,,,,,,,
HTML.147,108163,,,,,,,
HTML.148,203627,,,,,,,
HTML.149,17789,,,,,,,
HTML.15,17670,,,,,,,
HTML.150,1454,,,,,,,
HTML.151,375313,,,,,,,
HTML.152,29003632,,,,,,,
HTML.153,1193990,,,,,,,
HTML.154,11264,,,,,,,
HTML.155,347001,,,,,,,
HTML.156,91571,,,,,,,
HTML.157,1503,,,,,,,
HTML.158,5201,,,,,,,
HTML.159,17656,,,,,,,
HTML.16,4458,,,,,,,
HTML.160,27529,,,,,,,
HTML.161,47230,,,,,,,
HTML.17,257514,,,,,,,
HTML.18,12669,,,,,,,
HTML.19,97,,,,,,,
HTML.2,1036,,,,,,,
HTML.20,735377,,,,,,,
HTML.21,968,,,,,,,
HTML.22,27999,,,,,,,
HTML.23,958889,,,,,,,
HTML.24,108403,,,,,,,
HTML.25,475,,,,,,,
HTML.26,198,,,,,,,
HTML.27,48827,,,,,,,
HTML.28,777342,,,,,,,
HTML.29,6625,,,,,,,
HTML.3,163407,,,,,,,
HTML.30,758,,,,,,,
HTML.31,2473,,,,,,,
HTML.32,2033,,,,,,,
HTML.33,2113,,,,,,,
HTML.34,762,,,,,,,
HTML.35,564,,,,,,,
HTML.36,1238,,,,,,,
HTML.37,47079,,,,,,,
HTML.38,49165,,,,,,,
HTML.39,64510,,,,,,,
HTML.4,23294,,,,,,,
HTML.40,5938,,,,,,,
HTML.41,14497,,,,,,,
HTML.42,657,,,,,,,
HTML.43,157,,,,,,,
HTML.44,688,,,,,,,
HTML.45,143960,,,,,,,
HTML.46,10329,,,,,,,
HTML.47,4454,,,,,,,
HTML.48,10329,,,,,,,
HTML.49,5739,,,,,,,
HTML.5,12741,,,,,,,
HTML.50,242,,,,,,,
HTML.51,112048,,,,,,,
HTML.52,5521,,,,,,,
HTML.53,869,,,,,,,
HTML.54,6071,,,,,,,
HTML.55,25276,,,,,,,
HTML.56,940,,,,,,,
HTML.57,48525,,,,,,,
HTML.58,3339,,,,,,,
HTML.59,6004,,,,,,,
HTML.6,12638,,,,,,,
HTML.60,440,,,,,,,
HTML.61,3264,,,,,,,
HTML.62,10093,,,,,,,
HTML.63,8554,,,,,,,
HTML.64,35523,,,,,,,
HTML.65,1448,,,,,,,
HTML.66,33459,,,,,,,
HTML.67,886,,,,,,,
HTML.68,439,,,,,,,
HTML.69,4735,,,,,,,
HTML.7,23210,,,,,,,
HTML.70,4578,,,,,,,
HTML.71,732,,,,,,,
HTML.72,1737,,,,,,,
HTML.73,1369,,,,,,,
HTML.74,5165,,,,,,,
HTML.75,5123,,,,,,,
HTML.76,1627,,,,,,,
HTML.77,179441,,,,,,,
HTML.78,725452,,,,,,,
HTML.79,351721,,,,,,,
HTML.8,501,,,,,,,
HTML.80,6324,,,,,,,
HTML.81,6291,,,,,,,
HTML.82,341,,,,,,,
HTML.83,8671,,,,,,,
HTML.84,2989,,,,,,,
HTML.85,951,,,,,,,
HTML.86,2595,,,,,,,
HTML.87,144717,,,,,,,
HTML.88,25673,,,,,,,
HTML.89,12638,,,,,,,
HTML.9,1806598,,,,,,,
HTML.90,1136,,,,,,,
HTML.91,226,,,,,,,
HTML.92,5460,,,,,,,
HTML.93,17,,,,,,,
HTML.94,67914,,,,,,,
HTML.95,1137,,,,,,,
HTML.96,14440,,,,,,,
HTML.97,2036,,,,,,,
HTML.98,2330,,,,,,,
HTML.99,6855,,,,,,,
IDL,8422,,,,,,,
Inno.Setup,1798,,,,,,,
J,5050,,,,,,,
Java,6671,,,,,,,
Java.1,1835201,,,,,,,
Java.10,52814,,,,,,,
Java.11,78232,,,,,,,
Java.12,157128,,,,,,,
Java.13,1437,,,,,,,
Java.14,73669,,,,,,,
Java.15,271160,,,,,,,
Java.16,29508,,,,,,,
Java.17,2786568,,,,,,,
Java.18,2614,,,,,,,
Java.19,20931,,,,,,,
Java.2,2637,,,,,,,
Java.20,1066,,,,,,,
Java.21,9212,,,,,,,
Java.22,853,,,,,,,
Java.23,37206,,,,,,,
Java.24,52895,,,,,,,
Java.25,678789,,,,,,,
Java.26,4561,,,,,,,
Java.27,370,,,,,,,
Java.28,352058,,,,,,,
Java.29,200326,,,,,,,
Java.3,3354959,,,,,,,
Java.30,194258,,,,,,,
Java.31,316039,,,,,,,
Java.32,164897,,,,,,,
Java.33,327,,,,,,,
Java.34,118758,,,,,,,
Java.35,1936,,,,,,,
Java.36,527414,,,,,,,
Java.37,1726,,,,,,,
Java.38,155539,,,,,,,
Java.39,1728898,,,,,,,
Java.4,7174,,,,,,,
Java.40,131671823,,,,,,,
Java.41,12601888,,,,,,,
Java.42,4875,,,,,,,
Java.43,45989,,,,,,,
Java.44,10753,,,,,,,
Java.45,32388,,,,,,,
Java.46,8330871,,,,,,,
Java.47,1165,,,,,,,
Java.48,49210,,,,,,,
Java.49,26264394,,,,,,,
Java.5,3028,,,,,,,
Java.50,99872,,,,,,,
Java.51,4542,,,,,,,
Java.52,1746560,,,,,,,
Java.53,43459,,,,,,,
Java.54,59435,,,,,,,
Java.55,3258,,,,,,,
Java.56,53189,,,,,,,
Java.57,8602,,,,,,,
Java.58,46953,,,,,,,
Java.59,1076,,,,,,,
Java.6,5479,,,,,,,
Java.60,68,,,,,,,
Java.61,73883,,,,,,,
Java.62,9067,,,,,,,
Java.63,7597,,,,,,,
Java.64,55784,,,,,,,
Java.7,4158,,,,,,,
Java.8,61900,,,,,,,
Java.9,12519521,,,,,,,
JavaScript,227,,,,,,,
JavaScript.1,13301,,,,,,,
JavaScript.10,11628,,,,,,,
JavaScript.100,1195641,,,,,,,
JavaScript.101,1945,,,,,,,
JavaScript.102,54897,,,,,,,
JavaScript.103,4615,,,,,,,
JavaScript.104,329576,,,,,,,
JavaScript.105,487591,,,,,,,
JavaScript.106,29664,,,,,,,
JavaScript.107,6560,,,,,,,
JavaScript.108,653376,,,,,,,
JavaScript.109,34088,,,,,,,
JavaScript.11,1383372,,,,,,,
JavaScript.110,495680,,,,,,,
JavaScript.111,21852,,,,,,,
JavaScript.112,100714,,,,,,,
JavaScript.113,12902,,,,,,,
JavaScript.114,14957,,,,,,,
JavaScript.115,505843,,,,,,,
JavaScript.116,423985,,,,,,,
JavaScript.117,1283126,,,,,,,
JavaScript.118,480640,,,,,,,
JavaScript.119,21769,,,,,,,
JavaScript.12,7069,,,,,,,
JavaScript.120,190984,,,,,,,
JavaScript.121,368931,,,,,,,
JavaScript.122,29258,,,,,,,
JavaScript.123,1993060,,,,,,,
JavaScript.124,3435,,,,,,,
JavaScript.125,863678,,,,,,,
JavaScript.126,3849,,,,,,,
JavaScript.127,140515,,,,,,,
JavaScript.128,26782,,,,,,,
JavaScript.129,523749,,,,,,,
JavaScript.13,7879,,,,,,,
JavaScript.130,49124,,,,,,,
JavaScript.131,11017,,,,,,,
JavaScript.132,18989,,,,,,,
JavaScript.133,30931,,,,,,,
JavaScript.134,6860,,,,,,,
JavaScript.135,30963,,,,,,,
JavaScript.136,93232,,,,,,,
JavaScript.137,35302,,,,,,,
JavaScript.138,34112,,,,,,,
JavaScript.139,3522,,,,,,,
JavaScript.14,2550,,,,,,,
JavaScript.140,57487,,,,,,,
JavaScript.141,5146,,,,,,,
JavaScript.142,287996,,,,,,,
JavaScript.143,236836,,,,,,,
JavaScript.144,28058,,,,,,,
JavaScript.145,3695,,,,,,,
JavaScript.146,4103,,,,,,,
JavaScript.147,202454,,,,,,,
JavaScript.148,13777,,,,,,,
JavaScript.149,62576,,,,,,,
JavaScript.15,63708,,,,,,,
JavaScript.150,63757,,,,,,,
JavaScript.151,17443,,,,,,,
JavaScript.152,3460,,,,,,,
JavaScript.153,84752,,,,,,,
JavaScript.154,1001,,,,,,,
JavaScript.155,138785,,,,,,,
JavaScript.156,337486,,,,,,,
JavaScript.157,939,,,,,,,
JavaScript.158,208,,,,,,,
JavaScript.159,4346,,,,,,,
JavaScript.16,2454,,,,,,,
JavaScript.160,24077,,,,,,,
JavaScript.161,2687,,,,,,,
JavaScript.162,206060,,,,,,,
JavaScript.163,4086,,,,,,,
JavaScript.164,6694,,,,,,,
JavaScript.165,3829,,,,,,,
JavaScript.166,292,,,,,,,
JavaScript.167,12978,,,,,,,
JavaScript.168,173,,,,,,,
JavaScript.169,2249015,,,,,,,
JavaScript.17,641017,,,,,,,
JavaScript.170,8102,,,,,,,
JavaScript.171,54789,,,,,,,
JavaScript.172,103813,,,,,,,
JavaScript.173,437387,,,,,,,
JavaScript.174,14095,,,,,,,
JavaScript.175,11995,,,,,,,
JavaScript.176,2930,,,,,,,
JavaScript.177,37899,,,,,,,
JavaScript.178,1573,,,,,,,
JavaScript.179,2455,,,,,,,
JavaScript.18,11787,,,,,,,
JavaScript.180,1720,,,,,,,
JavaScript.181,43,,,,,,,
JavaScript.182,421826,,,,,,,
JavaScript.183,1583177,,,,,,,
JavaScript.184,820451,,,,,,,
JavaScript.185,36676,,,,,,,
JavaScript.186,577,,,,,,,
JavaScript.187,465249,,,,,,,
JavaScript.188,5584711,,,,,,,
JavaScript.189,29351,,,,,,,
JavaScript.19,3236310,,,,,,,
JavaScript.190,51596,,,,,,,
JavaScript.191,36794,,,,,,,
JavaScript.192,56,,,,,,,
JavaScript.193,12791,,,,,,,
JavaScript.194,19511,,,,,,,
JavaScript.195,567,,,,,,,
JavaScript.196,958566,,,,,,,
JavaScript.197,660,,,,,,,
JavaScript.198,418,,,,,,,
JavaScript.199,2438,,,,,,,
JavaScript.2,268940,,,,,,,
JavaScript.20,18192,,,,,,,
JavaScript.200,18728,,,,,,,
JavaScript.201,123045,,,,,,,
JavaScript.202,10816,,,,,,,
JavaScript.203,888844,,,,,,,
JavaScript.204,80449,,,,,,,
JavaScript.205,169,,,,,,,
JavaScript.206,1251001,,,,,,,
JavaScript.207,259744,,,,,,,
JavaScript.208,336,,,,,,,
JavaScript.209,23535,,,,,,,
JavaScript.21,26356,,,,,,,
JavaScript.210,5600,,,,,,,
JavaScript.211,72534,,,,,,,
JavaScript.212,104983,,,,,,,
JavaScript.213,65842,,,,,,,
JavaScript.214,54937,,,,,,,
JavaScript.215,185939,,,,,,,
JavaScript.216,10116,,,,,,,
JavaScript.217,67289,,,,,,,
JavaScript.218,102232,,,,,,,
JavaScript.219,18383,,,,,,,
JavaScript.22,193177,,,,,,,
JavaScript.220,45116,,,,,,,
JavaScript.221,27615,,,,,,,
JavaScript.222,13040,,,,,,,
JavaScript.223,13040,,,,,,,
JavaScript.224,1271,,,,,,,
JavaScript.225,5762,,,,,,,
JavaScript.226,8433,,,,,,,
JavaScript.227,2957,,,,,,,
JavaScript.228,4720,,,,,,,
JavaScript.229,15535,,,,,,,
JavaScript.23,44571,,,,,,,
JavaScript.230,664565,,,,,,,
JavaScript.231,26616,,,,,,,
JavaScript.232,11752,,,,,,,
JavaScript.233,83916,,,,,,,
JavaScript.234,15703,,,,,,,
JavaScript.235,734,,,,,,,
JavaScript.236,102784,,,,,,,
JavaScript.237,10236,,,,,,,
JavaScript.238,71674,,,,,,,
JavaScript.239,10246,,,,,,,
JavaScript.24,63665,,,,,,,
JavaScript.240,1971,,,,,,,
JavaScript.241,25082,,,,,,,
JavaScript.242,137712,,,,,,,
JavaScript.243,195887,,,,,,,
JavaScript.244,92326,,,,,,,
JavaScript.245,788,,,,,,,
JavaScript.246,234,,,,,,,
JavaScript.247,270,,,,,,,
JavaScript.248,49788,,,,,,,
JavaScript.249,20062,,,,,,,
JavaScript.25,29765,,,,,,,
JavaScript.250,29805,,,,,,,
JavaScript.251,12817,,,,,,,
JavaScript.252,1688,,,,,,,
JavaScript.253,233877,,,,,,,
JavaScript.254,115419,,,,,,,
JavaScript.255,96546,,,,,,,
JavaScript.256,1780714,,,,,,,
JavaScript.257,735,,,,,,,
JavaScript.258,29521,,,,,,,
JavaScript.259,1193,,,,,,,
JavaScript.26,7018,,,,,,,
JavaScript.260,35454,,,,,,,
JavaScript.261,16432,,,,,,,
JavaScript.262,49784,,,,,,,
JavaScript.263,2499,,,,,,,
JavaScript.264,175,,,,,,,
JavaScript.265,8119,,,,,,,
JavaScript.266,13791,,,,,,,
JavaScript.267,44901,,,,,,,
JavaScript.268,394952,,,,,,,
JavaScript.269,1142376,,,,,,,
JavaScript.27,174078,,,,,,,
JavaScript.270,1112294,,,,,,,
JavaScript.271,350244,,,,,,,
JavaScript.272,33623,,,,,,,
JavaScript.273,2084505,,,,,,,
JavaScript.274,1479,,,,,,,
JavaScript.275,11912,,,,,,,
JavaScript.276,7904,,,,,,,
JavaScript.277,1985162,,,,,,,
JavaScript.278,48,,,,,,,
JavaScript.279,499,,,,,,,
JavaScript.28,11221,,,,,,,
JavaScript.280,75033,,,,,,,
JavaScript.281,2854623,,,,,,,
JavaScript.282,51459,,,,,,,
JavaScript.283,383,,,,,,,
JavaScript.284,444773,,,,,,,
JavaScript.285,8833,,,,,,,
JavaScript.286,384806,,,,,,,
JavaScript.287,308107,,,,,,,
JavaScript.288,636315,,,,,,,
JavaScript.289,5681,,,,,,,
JavaScript.29,98175,,,,,,,
JavaScript.290,71825,,,,,,,
JavaScript.291,111878,,,,,,,
JavaScript.292,2653,,,,,,,
JavaScript.293,144642,,,,,,,
JavaScript.294,95763,,,,,,,
JavaScript.295,4183,,,,,,,
JavaScript.296,62508,,,,,,,
JavaScript.3,324549,,,,,,,
JavaScript.30,350959,,,,,,,
JavaScript.31,846402,,,,,,,
JavaScript.32,2596,,,,,,,
JavaScript.33,842,,,,,,,
JavaScript.34,202753,,,,,,,
JavaScript.35,33623,,,,,,,
JavaScript.36,781,,,,,,,
JavaScript.37,7034,,,,,,,
JavaScript.38,9368,,,,,,,
JavaScript.39,57878,,,,,,,
JavaScript.4,2200,,,,,,,
JavaScript.40,15417,,,,,,,
JavaScript.41,1752,,,,,,,
JavaScript.42,14220,,,,,,,
JavaScript.43,9741,,,,,,,
JavaScript.44,75480,,,,,,,
JavaScript.45,861,,,,,,,
JavaScript.46,8666,,,,,,,
JavaScript.47,1425,,,,,,,
JavaScript.48,21978,,,,,,,
JavaScript.49,575922,,,,,,,
JavaScript.5,651,,,,,,,
JavaScript.50,48570,,,,,,,
JavaScript.51,16114,,,,,,,
JavaScript.52,37411,,,,,,,
JavaScript.53,673792,,,,,,,
JavaScript.54,11761,,,,,,,
JavaScript.55,2020,,,,,,,
JavaScript.56,7241,,,,,,,
JavaScript.57,8927,,,,,,,
JavaScript.58,6358,,,,,,,
JavaScript.59,7365,,,,,,,
JavaScript.6,60664,,,,,,,
JavaScript.60,21875,,,,,,,
JavaScript.61,8670,,,,,,,
JavaScript.62,20990,,,,,,,
JavaScript.63,33696,,,,,,,
JavaScript.64,1284,,,,,,,
JavaScript.65,13770,,,,,,,
JavaScript.66,1722,,,,,,,
JavaScript.67,2357,,,,,,,
JavaScript.68,8906,,,,,,,
JavaScript.69,3778,,,,,,,
JavaScript.7,29858,,,,,,,
JavaScript.70,2135,,,,,,,
JavaScript.71,3668,,,,,,,
JavaScript.72,6454,,,,,,,
JavaScript.73,9906,,,,,,,
JavaScript.74,195830,,,,,,,
JavaScript.75,3505,,,,,,,
JavaScript.76,34180,,,,,,,
JavaScript.77,23673,,,,,,,
JavaScript.78,5871,,,,,,,
JavaScript.79,923,,,,,,,
JavaScript.8,9790,,,,,,,
JavaScript.80,2667,,,,,,,
JavaScript.81,20179,,,,,,,
JavaScript.82,3466,,,,,,,
JavaScript.83,14416,,,,,,,
JavaScript.84,15511,,,,,,,
JavaScript.85,8545,,,,,,,
JavaScript.86,135197,,,,,,,
JavaScript.87,1438,,,,,,,
JavaScript.88,2408,,,,,,,
JavaScript.89,35691,,,,,,,
JavaScript.9,33572,,,,,,,
JavaScript.90,3040,,,,,,,
JavaScript.91,3429,,,,,,,
JavaScript.92,3559,,,,,,,
JavaScript.93,6114,,,,,,,
JavaScript.94,18380,,,,,,,
JavaScript.95,2064,,,,,,,
JavaScript.96,5256,,,,,,,
JavaScript.97,1055,,,,,,,
JavaScript.98,2198,,,,,,,
JavaScript.99,131837,,,,,,,
Jupyter.Notebook,904283,,,,,,,
Jupyter.Notebook.1,41814,,,,,,,
Kotlin,48036,,,,,,,
Kotlin.1,4248071,,,,,,,
KRL,5167,,,,,,,
Lex,77678,,,,,,,
Lex.1,12018,,,,,,,
Lex.2,42692,,,,,,,
Lex.3,24359,,,,,,,
LLVM,604,,,,,,,
Logos,12115,,,,,,,
Logos.1,1248,,,,,,,
Logos.2,6264,,,,,,,
Lua,51375,,,,,,,
Lua.1,289526,,,,,,,
Lua.10,126871,,,,,,,
Lua.11,6051,,,,,,,
Lua.2,1427,,,,,,,
Lua.3,37433,,,,,,,
Lua.4,15245,,,,,,,
Lua.5,14599,,,,,,,
Lua.6,84090,,,,,,,
Lua.7,4785,,,,,,,
Lua.8,46498,,,,,,,
Lua.9,1102,,,,,,,
M,8661,,,,,,,
M4,4925,,,,,,,
M4.1,1468,,,,,,,
M4.10,1456,,,,,,,
M4.11,7912,,,,,,,
M4.12,2204,,,,,,,
M4.2,445352,,,,,,,
M4.3,13613,,,,,,,
M4.4,15772,,,,,,,
M4.5,3395,,,,,,,
M4.6,1545,,,,,,,
M4.7,186146,,,,,,,
M4.8,143086,,,,,,,
M4.9,2045,,,,,,,
Makefile,315,,,,,,,
Makefile.1,4186,,,,,,,
Makefile.10,748,,,,,,,
Makefile.11,109,,,,,,,
Makefile.12,255,,,,,,,
Makefile.13,1145,,,,,,,
Makefile.14,2805,,,,,,,
Makefile.15,515,,,,,,,
Makefile.16,1124,,,,,,,
Makefile.17,2163,,,,,,,
Makefile.18,16919,,,,,,,
Makefile.19,72687,,,,,,,
Makefile.2,255,,,,,,,
Makefile.20,3199,,,,,,,
Makefile.21,4440,,,,,,,
Makefile.22,574,,,,,,,
Makefile.23,996,,,,,,,
Makefile.24,4085,,,,,,,
Makefile.25,119,,,,,,,
Makefile.26,350,,,,,,,
Makefile.27,2397,,,,,,,
Makefile.28,215,,,,,,,
Makefile.29,106,,,,,,,
Makefile.3,112,,,,,,,
Makefile.30,271,,,,,,,
Makefile.31,374,,,,,,,
Makefile.32,5600,,,,,,,
Makefile.33,1366,,,,,,,
Makefile.34,486,,,,,,,
Makefile.35,16728,,,,,,,
Makefile.36,147891,,,,,,,
Makefile.37,845,,,,,,,
Makefile.38,741,,,,,,,
Makefile.39,411,,,,,,,
Makefile.4,631,,,,,,,
Makefile.40,385,,,,,,,
Makefile.41,246,,,,,,,
Makefile.42,1125,,,,,,,
Makefile.43,475,,,,,,,
Makefile.44,396,,,,,,,
Makefile.45,5519,,,,,,,
Makefile.46,66,,,,,,,
Makefile.47,420,,,,,,,
Makefile.48,261,,,,,,,
Makefile.49,1105,,,,,,,
Makefile.5,779,,,,,,,
Makefile.50,666,,,,,,,
Makefile.51,569,,,,,,,
Makefile.52,195,,,,,,,
Makefile.53,804,,,,,,,
Makefile.54,7824,,,,,,,
Makefile.55,1659,,,,,,,
Makefile.56,957,,,,,,,
Makefile.57,6046,,,,,,,
Makefile.58,1368,,,,,,,
Makefile.59,1451530,,,,,,,
Makefile.6,38544,,,,,,,
Makefile.60,941,,,,,,,
Makefile.61,199,,,,,,,
Makefile.62,300,,,,,,,
Makefile.63,46,,,,,,,
Makefile.64,1113,,,,,,,
Makefile.65,100440,,,,,,,
Makefile.66,7975,,,,,,,
Makefile.67,9786,,,,,,,
Makefile.68,129,,,,,,,
Makefile.69,599,,,,,,,
Makefile.7,549,,,,,,,
Makefile.70,1190,,,,,,,
Makefile.71,264,,,,,,,
Makefile.72,693,,,,,,,
Makefile.73,1326,,,,,,,
Makefile.74,45212,,,,,,,
Makefile.75,52218,,,,,,,
Makefile.76,7410,,,,,,,
Makefile.77,667,,,,,,,
Makefile.78,143,,,,,,,
Makefile.79,2056,,,,,,,
Makefile.8,2417,,,,,,,
Makefile.80,5954,,,,,,,
Makefile.81,7244,,,,,,,
Makefile.82,3764,,,,,,,
Makefile.83,1065,,,,,,,
Makefile.84,6778,,,,,,,
Makefile.85,4594,,,,,,,
Makefile.86,1185,,,,,,,
Makefile.87,6049,,,,,,,
Makefile.88,40568,,,,,,,
Makefile.89,57146,,,,,,,
Makefile.9,17310,,,,,,,
Makefile.90,686,,,,,,,
Makefile.91,389,,,,,,,
Makefile.92,45755,,,,,,,
Makefile.93,9897,,,,,,,
Mako,3465,,,,,,,
Matlab,832921,,,,,,,
Matlab.1,328987,,,,,,,
Meson,2879,,,,,,,
Meson.1,846,,,,,,,
MoonScript,2405,,,,,,,
Nemerle,2367088,,,,,,,
Nginx,7247,,,,,,,
Nginx.1,229,,,,,,,
Nginx.2,3908,,,,,,,
Nim,253,,,,,,,
Nix,3086,,,,,,,
Nix.1,1545,,,,,,,
Nix.2,1018,,,,,,,
Nix.3,1980,,,,,,,
Nix.4,1145,,,,,,,
Nix.5,201,,,,,,,
NSIS,89607,,,,,,,
Objective.C,323052,,,,,,,
Objective.C..,212056,,,,,,,
Objective.C...1,7240,,,,,,,
Objective.C...2,43578,,,,,,,
Objective.C.1,4958,,,,,,,
Objective.C.10,19702,,,,,,,
Objective.C.11,739711,,,,,,,
Objective.C.12,3892,,,,,,,
Objective.C.13,131300,,,,,,,
Objective.C.14,17952,,,,,,,
Objective.C.15,280215,,,,,,,
Objective.C.16,16958,,,,,,,
Objective.C.17,10422,,,,,,,
Objective.C.18,2400,,,,,,,
Objective.C.19,13233,,,,,,,
Objective.C.2,627,,,,,,,
Objective.C.20,25167,,,,,,,
Objective.C.21,91006,,,,,,,
Objective.C.22,1720,,,,,,,
Objective.C.23,24009,,,,,,,
Objective.C.24,1012,,,,,,,
Objective.C.25,5786,,,,,,,
Objective.C.26,9903,,,,,,,
Objective.C.27,10091,,,,,,,
Objective.C.3,502986,,,,,,,
Objective.C.4,10601,,,,,,,
Objective.C.5,28250,,,,,,,
Objective.C.6,5136,,,,,,,
Objective.C.7,2060,,,,,,,
Objective.C.8,44548,,,,,,,
Objective.C.9,659,,,,,,,
OCaml,2210505,,,,,,,
OCaml.1,1942438,,,,,,,
OCaml.2,2964555,,,,,,,
OpenEdge.ABL,390,,,,,,,
Parrot,2922,,,,,,,
Pascal,40318,,,,,,,
Perl,978,,,,,,,
Perl.1,462,,,,,,,
Perl.10,8738,,,,,,,
Perl.11,1514,,,,,,,
Perl.12,52723,,,,,,,
Perl.13,78842,,,,,,,
Perl.14,1087,,,,,,,
Perl.15,111440,,,,,,,
Perl.16,3626,,,,,,,
Perl.17,39958,,,,,,,
Perl.18,42351,,,,,,,
Perl.19,15867,,,,,,,
Perl.2,628,,,,,,,
Perl.20,29819,,,,,,,
Perl.21,6337,,,,,,,
Perl.22,1721,,,,,,,
Perl.23,292720,,,,,,,
Perl.24,2056,,,,,,,
Perl.25,6549,,,,,,,
Perl.26,383551,,,,,,,
Perl.27,599258,,,,,,,
Perl.28,157901,,,,,,,
Perl.29,498821,,,,,,,
Perl.3,2860,,,,,,,
Perl.30,7937,,,,,,,
Perl.31,498352,,,,,,,
Perl.32,211901,,,,,,,
Perl.33,6818,,,,,,,
Perl.34,310623,,,,,,,
Perl.35,170778,,,,,,,
Perl.36,1096,,,,,,,
Perl.37,72921,,,,,,,
Perl.38,10761,,,,,,,
Perl.39,9847,,,,,,,
Perl.4,35035,,,,,,,
Perl.40,37942,,,,,,,
Perl.41,4473,,,,,,,
Perl.42,109361,,,,,,,
Perl.43,55949,,,,,,,
Perl.44,834249,,,,,,,
Perl.45,3335,,,,,,,
Perl.46,7794,,,,,,,
Perl.47,3177,,,,,,,
Perl.48,583656,,,,,,,
Perl.49,10073,,,,,,,
Perl.5,10643,,,,,,,
Perl.50,90857,,,,,,,
Perl.51,20406,,,,,,,
Perl.52,8337,,,,,,,
Perl.53,68194,,,,,,,
Perl.54,5912,,,,,,,
Perl.55,1393,,,,,,,
Perl.56,421,,,,,,,
Perl.57,7133,,,,,,,
Perl.58,19407,,,,,,,
Perl.59,100318,,,,,,,
Perl.6,5138,,,,,,,
Perl.6.1,53337,,,,,,,
Perl.6.2,57618,,,,,,,
Perl.6.3,1807,,,,,,,
Perl.6.4,216,,,,,,,
Perl.6.5,1799,,,,,,,
Perl.6.6,2038,,,,,,,
Perl.6.7,64,,,,,,,
Perl.60,2112,,,,,,,
Perl.61,14821,,,,,,,
Perl.62,7049,,,,,,,
Perl.63,2784,,,,,,,
Perl.64,8343,,,,,,,
Perl.65,16811,,,,,,,
Perl.66,13554,,,,,,,
Perl.67,1296,,,,,,,
Perl.68,49141,,,,,,,
Perl.69,6120,,,,,,,
Perl.7,207,,,,,,,
Perl.70,34408,,,,,,,
Perl.71,6119,,,,,,,
Perl.72,5602,,,,,,,
Perl.73,3628,,,,,,,
Perl.74,35429,,,,,,,
Perl.75,19680,,,,,,,
Perl.76,6451,,,,,,,
Perl.77,4738,,,,,,,
Perl.78,699,,,,,,,
Perl.79,1616,,,,,,,
Perl.8,3794,,,,,,,
Perl.80,21676,,,,,,,
Perl.81,13230,,,,,,,
Perl.82,6181,,,,,,,
Perl.83,12571,,,,,,,
Perl.84,14901,,,,,,,
Perl.9,1797,,,,,,,
PHP,852,,,,,,,
PHP.1,1415,,,,,,,
PHP.10,63561,,,,,,,
PHP.100,5339682,,,,,,,
PHP.101,5162703,,,,,,,
PHP.102,431375,,,,,,,
PHP.103,132336,,,,,,,
PHP.104,977279,,,,,,,
PHP.105,1029,,,,,,,
PHP.106,2903,,,,,,,
PHP.107,404647,,,,,,,
PHP.108,2118,,,,,,,
PHP.109,19569,,,,,,,
PHP.11,509,,,,,,,
PHP.110,78,,,,,,,
PHP.111,70304,,,,,,,
PHP.112,3916,,,,,,,
PHP.113,1948,,,,,,,
PHP.114,4294,,,,,,,
PHP.115,1643,,,,,,,
PHP.116,3408,,,,,,,
PHP.117,5959,,,,,,,
PHP.118,17,,,,,,,
PHP.119,12374,,,,,,,
PHP.12,236,,,,,,,
PHP.120,5489,,,,,,,
PHP.121,15667,,,,,,,
PHP.122,472535,,,,,,,
PHP.123,136643,,,,,,,
PHP.124,10721,,,,,,,
PHP.125,188841,,,,,,,
PHP.126,132029,,,,,,,
PHP.127,25134445,,,,,,,
PHP.128,42034,,,,,,,
PHP.129,1682,,,,,,,
PHP.13,7237,,,,,,,
PHP.130,5970,,,,,,,
PHP.131,1150,,,,,,,
PHP.132,345235,,,,,,,
PHP.133,196851,,,,,,,
PHP.134,97443,,,,,,,
PHP.14,37323,,,,,,,
PHP.15,46382,,,,,,,
PHP.16,8791,,,,,,,
PHP.17,2140209,,,,,,,
PHP.18,42498283,,,,,,,
PHP.19,1082051,,,,,,,
PHP.2,204436,,,,,,,
PHP.20,121669,,,,,,,
PHP.21,111969,,,,,,,
PHP.22,129614,,,,,,,
PHP.23,76985,,,,,,,
PHP.24,13844,,,,,,,
PHP.25,13515,,,,,,,
PHP.26,49319,,,,,,,
PHP.27,12772,,,,,,,
PHP.28,10890,,,,,,,
PHP.29,28144,,,,,,,
PHP.3,4484,,,,,,,
PHP.30,22330,,,,,,,
PHP.31,11035,,,,,,,
PHP.32,27176,,,,,,,
PHP.33,11757670,,,,,,,
PHP.34,81007,,,,,,,
PHP.35,81604,,,,,,,
PHP.36,13314,,,,,,,
PHP.37,58163,,,,,,,
PHP.38,64332,,,,,,,
PHP.39,160960,,,,,,,
PHP.4,2617,,,,,,,
PHP.40,1474,,,,,,,
PHP.41,253370,,,,,,,
PHP.42,92,,,,,,,
PHP.43,9614,,,,,,,
PHP.44,1019,,,,,,,
PHP.45,2298,,,,,,,
PHP.46,3470,,,,,,,
PHP.47,710023,,,,,,,
PHP.48,62178,,,,,,,
PHP.49,3658,,,,,,,
PHP.5,47691,,,,,,,
PHP.50,26517,,,,,,,
PHP.51,1663266,,,,,,,
PHP.52,1721,,,,,,,
PHP.53,18232,,,,,,,
PHP.54,1721,,,,,,,
PHP.55,25495,,,,,,,
PHP.56,22586,,,,,,,
PHP.57,155157,,,,,,,
PHP.58,33733,,,,,,,
PHP.59,563,,,,,,,
PHP.6,27296647,,,,,,,
PHP.60,1868796,,,,,,,
PHP.61,586624,,,,,,,
PHP.62,4902,,,,,,,
PHP.63,870666,,,,,,,
PHP.64,30601,,,,,,,
PHP.65,870756,,,,,,,
PHP.66,3821,,,,,,,
PHP.67,22189,,,,,,,
PHP.68,1332,,,,,,,
PHP.69,3771,,,,,,,
PHP.7,1810,,,,,,,
PHP.70,73059,,,,,,,
PHP.71,584,,,,,,,
PHP.72,8008,,,,,,,
PHP.73,8824,,,,,,,
PHP.74,18688,,,,,,,
PHP.75,7890,,,,,,,
PHP.76,4382,,,,,,,
PHP.77,14417,,,,,,,
PHP.78,14448,,,,,,,
PHP.79,1653,,,,,,,
PHP.8,4012585,,,,,,,
PHP.80,291435,,,,,,,
PHP.81,20705,,,,,,,
PHP.82,78185,,,,,,,
PHP.83,16238998,,,,,,,
PHP.84,57543,,,,,,,
PHP.85,7353070,,,,,,,
PHP.86,703,,,,,,,
PHP.87,2918,,,,,,,
PHP.88,502,,,,,,,
PHP.89,199055,,,,,,,
PHP.9,684,,,,,,,
PHP.90,897,,,,,,,
PHP.91,25330338,,,,,,,
PHP.92,119109,,,,,,,
PHP.93,37110,,,,,,,
PHP.94,92593,,,,,,,
PHP.95,457650,,,,,,,
PHP.96,4085,,,,,,,
PHP.97,50254249,,,,,,,
PHP.98,5019,,,,,,,
PHP.99,10739,,,,,,,
PLpgSQL,1342,,,,,,,
PLpgSQL.1,11968,,,,,,,
PLSQL,7498,,,,,,,
Pony,27364,,,,,,,
PostScript,498628,,,,,,,
PowerShell,468,,,,,,,
PowerShell.1,14589,,,,,,,
PowerShell.10,1371,,,,,,,
PowerShell.11,12247,,,,,,,
PowerShell.12,2201,,,,,,,
PowerShell.13,7278,,,,,,,
PowerShell.2,36603,,,,,,,
PowerShell.3,1237,,,,,,,
PowerShell.4,4927,,,,,,,
PowerShell.5,12510,,,,,,,
PowerShell.6,2665,,,,,,,
PowerShell.7,2855,,,,,,,
PowerShell.8,1028,,,,,,,
PowerShell.9,46119,,,,,,,
Prolog,56029,,,,,,,
Prolog.1,64451,,,,,,,
Protocol.Buffer,18337,,,,,,,
Protocol.Buffer.1,1698,,,,,,,
Protocol.Buffer.10,3468,,,,,,,
Protocol.Buffer.11,87803,,,,,,,
Protocol.Buffer.12,9678,,,,,,,
Protocol.Buffer.13,2328,,,,,,,
Protocol.Buffer.14,468,,,,,,,
Protocol.Buffer.15,3726,,,,,,,
Protocol.Buffer.16,10515,,,,,,,
Protocol.Buffer.17,2636,,,,,,,
Protocol.Buffer.18,3007,,,,,,,
Protocol.Buffer.19,230836,,,,,,,
Protocol.Buffer.2,104,,,,,,,
Protocol.Buffer.20,557,,,,,,,
Protocol.Buffer.3,739,,,,,,,
Protocol.Buffer.4,843,,,,,,,
Protocol.Buffer.5,993,,,,,,,
Protocol.Buffer.6,843,,,,,,,
Protocol.Buffer.7,12972,,,,,,,
Protocol.Buffer.8,1670,,,,,,,
Protocol.Buffer.9,2059,,,,,,,
PureScript,556,,,,,,,
Python,27424,,,,,,,
Python.1,34490,,,,,,,
Python.10,12446,,,,,,,
Python.100,9724,,,,,,,
Python.101,83306,,,,,,,
Python.102,118052,,,,,,,
Python.103,165,,,,,,,
Python.104,2060039,,,,,,,
Python.105,578272,,,,,,,
Python.106,11385,,,,,,,
Python.107,26278,,,,,,,
Python.108,6662,,,,,,,
Python.109,3748,,,,,,,
Python.11,488,,,,,,,
Python.110,3012,,,,,,,
Python.111,11805,,,,,,,
Python.112,621357,,,,,,,
Python.113,7895,,,,,,,
Python.114,6267,,,,,,,
Python.115,13925,,,,,,,
Python.116,1033648,,,,,,,
Python.117,38812,,,,,,,
Python.118,10716,,,,,,,
Python.119,1969,,,,,,,
Python.12,5940,,,,,,,
Python.120,2000469,,,,,,,
Python.121,43361,,,,,,,
Python.122,2184,,,,,,,
Python.123,34565,,,,,,,
Python.124,40468,,,,,,,
Python.125,39757,,,,,,,
Python.126,165,,,,,,,
Python.127,15935,,,,,,,
Python.128,190686,,,,,,,
Python.129,12976,,,,,,,
Python.13,167434,,,,,,,
Python.14,1673,,,,,,,
Python.15,10528,,,,,,,
Python.16,6607,,,,,,,
Python.17,524,,,,,,,
Python.18,4514,,,,,,,
Python.19,19478,,,,,,,
Python.2,240551,,,,,,,
Python.20,4780,,,,,,,
Python.21,3870,,,,,,,
Python.22,35771,,,,,,,
Python.23,934,,,,,,,
Python.24,8492420,,,,,,,
Python.25,10525,,,,,,,
Python.26,12206,,,,,,,
Python.27,1630,,,,,,,
Python.28,522,,,,,,,
Python.29,5734,,,,,,,
Python.3,20910,,,,,,,
Python.30,1232,,,,,,,
Python.31,1821,,,,,,,
Python.32,769,,,,,,,
Python.33,35685,,,,,,,
Python.34,3100,,,,,,,
Python.35,56965,,,,,,,
Python.36,5438,,,,,,,
Python.37,7716,,,,,,,
Python.38,64600,,,,,,,
Python.39,60370,,,,,,,
Python.4,95222,,,,,,,
Python.40,21597,,,,,,,
Python.41,5734,,,,,,,
Python.42,43053,,,,,,,
Python.43,29,,,,,,,
Python.44,1502,,,,,,,
Python.45,160767,,,,,,,
Python.46,1953,,,,,,,
Python.47,4715,,,,,,,
Python.48,5660,,,,,,,
Python.49,1003,,,,,,,
Python.5,3918,,,,,,,
Python.50,684,,,,,,,
Python.51,852369,,,,,,,
Python.52,390272,,,,,,,
Python.53,31870,,,,,,,
Python.54,468504,,,,,,,
Python.55,38203,,,,,,,
Python.56,23430,,,,,,,
Python.57,48818,,,,,,,
Python.58,5709,,,,,,,
Python.59,22716,,,,,,,
Python.6,17908,,,,,,,
Python.60,304234,,,,,,,
Python.61,13185,,,,,,,
Python.62,40869,,,,,,,
Python.63,165264,,,,,,,
Python.64,808,,,,,,,
Python.65,17984,,,,,,,
Python.66,17790225,,,,,,,
Python.67,7954,,,,,,,
Python.68,175524,,,,,,,
Python.69,5645,,,,,,,
Python.7,4470,,,,,,,
Python.70,21005,,,,,,,
Python.71,101948,,,,,,,
Python.72,67509,,,,,,,
Python.73,8413,,,,,,,
Python.74,23494,,,,,,,
Python.75,74697,,,,,,,
Python.76,37390,,,,,,,
Python.77,10653,,,,,,,
Python.78,7828,,,,,,,
Python.79,1063180,,,,,,,
Python.8,3753,,,,,,,
Python.80,632,,,,,,,
Python.81,4916209,,,,,,,
Python.82,4902,,,,,,,
Python.83,417562,,,,,,,
Python.84,7058,,,,,,,
Python.85,1413660,,,,,,,
Python.86,39392,,,,,,,
Python.87,198069,,,,,,,
Python.88,17515,,,,,,,
Python.89,451667,,,,,,,
Python.9,2981,,,,,,,
Python.90,96531,,,,,,,
Python.91,4560617,,,,,,,
Python.92,9213,,,,,,,
Python.93,6622,,,,,,,
Python.94,6792,,,,,,,
Python.95,7308,,,,,,,
Python.96,207836,,,,,,,
Python.97,5352,,,,,,,
Python.98,2647,,,,,,,
Python.99,13460,,,,,,,
QMake,132,,,,,,,
QMake.1,33131,,,,,,,
QMake.2,2301,,,,,,,
QMake.3,1394,,,,,,,
QMake.4,756,,,,,,,
QMake.5,392,,,,,,,
R,229,,,,,,,
R.1,885,,,,,,,
R.2,2216,,,,,,,
R.3,4245,,,,,,,
R.4,12,,,,,,,
R.5,35965,,,,,,,
R.6,867,,,,,,,
R.7,1189,,,,,,,
Racket,732,,,,,,,
Racket.1,1287,,,,,,,
Ragel.in.Ruby.Host,1581,,,,,,,
RAML,10812,,,,,,,
Rebol,680,,,,,,,
Rebol.1,17176,,,,,,,
Roff,266327,,,,,,,
Roff.1,88728,,,,,,,
Ruby,2275,,,,,,,
Ruby.1,1299,,,,,,,
Ruby.10,21642,,,,,,,
Ruby.11,21929,,,,,,,
Ruby.12,1183,,,,,,,
Ruby.13,59301,,,,,,,
Ruby.14,186,,,,,,,
Ruby.15,1130,,,,,,,
Ruby.16,3936,,,,,,,
Ruby.17,107,,,,,,,
Ruby.18,361,,,,,,,
Ruby.19,859,,,,,,,
Ruby.2,2717,,,,,,,
Ruby.20,102,,,,,,,
Ruby.21,721,,,,,,,
Ruby.22,12686,,,,,,,
Ruby.23,4751,,,,,,,
Ruby.24,1851,,,,,,,
Ruby.25,5159,,,,,,,
Ruby.26,25330,,,,,,,
Ruby.27,142,,,,,,,
Ruby.28,60625,,,,,,,
Ruby.29,73,,,,,,,
Ruby.3,190251,,,,,,,
Ruby.30,105341,,,,,,,
Ruby.31,42840,,,,,,,
Ruby.32,2499,,,,,,,
Ruby.33,380,,,,,,,
Ruby.34,27146,,,,,,,
Ruby.35,4499,,,,,,,
Ruby.36,2301,,,,,,,
Ruby.37,31240,,,,,,,
Ruby.38,879,,,,,,,
Ruby.39,11561,,,,,,,
Ruby.4,1901339,,,,,,,
Ruby.40,1157,,,,,,,
Ruby.41,45684,,,,,,,
Ruby.42,2342,,,,,,,
Ruby.43,4602,,,,,,,
Ruby.44,5659,,,,,,,
Ruby.45,19103,,,,,,,
Ruby.46,268000,,,,,,,
Ruby.47,2885,,,,,,,
Ruby.48,1411,,,,,,,
Ruby.49,6917,,,,,,,
Ruby.5,5678123,,,,,,,
Ruby.50,4878,,,,,,,
Ruby.51,13301,,,,,,,
Ruby.52,1518,,,,,,,
Ruby.53,2724,,,,,,,
Ruby.54,16168,,,,,,,
Ruby.55,4491,,,,,,,
Ruby.56,14432,,,,,,,
Ruby.57,2966,,,,,,,
Ruby.58,4695,,,,,,,
Ruby.59,16821,,,,,,,
Ruby.6,78330,,,,,,,
Ruby.60,32010,,,,,,,
Ruby.61,78900,,,,,,,
Ruby.62,537,,,,,,,
Ruby.63,22411,,,,,,,
Ruby.64,159998,,,,,,,
Ruby.65,112,,,,,,,
Ruby.66,48007,,,,,,,
Ruby.67,518209,,,,,,,
Ruby.68,44555,,,,,,,
Ruby.69,17942,,,,,,,
Ruby.7,341,,,,,,,
Ruby.70,2799,,,,,,,
Ruby.71,11282623,,,,,,,
Ruby.72,40264,,,,,,,
Ruby.73,1189,,,,,,,
Ruby.74,266746,,,,,,,
Ruby.75,623,,,,,,,
Ruby.76,238,,,,,,,
Ruby.77,8585286,,,,,,,
Ruby.78,248695,,,,,,,
Ruby.79,2816616,,,,,,,
Ruby.8,2264,,,,,,,
Ruby.80,332617,,,,,,,
Ruby.81,60897,,,,,,,
Ruby.82,10218,,,,,,,
Ruby.83,98141,,,,,,,
Ruby.84,11807,,,,,,,
Ruby.85,1306043,,,,,,,
Ruby.86,593,,,,,,,
Ruby.87,106,,,,,,,
Ruby.88,1327,,,,,,,
Ruby.89,7359,,,,,,,
Ruby.9,1013,,,,,,,
Ruby.90,11643,,,,,,,
Ruby.91,1250,,,,,,,
Ruby.92,1407,,,,,,,
Ruby.93,69476,,,,,,,
Ruby.94,14963,,,,,,,
Ruby.95,586,,,,,,,
Rust,2475,,,,,,,
Rust.1,15968,,,,,,,
Rust.2,631,,,,,,,
Rust.3,9453,,,,,,,
SaltStack,47867,,,,,,,
SAS,1847,,,,,,,
Scala,21222,,,,,,,
Scala.1,13878,,,,,,,
Scala.10,4930802,,,,,,,
Scala.11,19783,,,,,,,
Scala.12,42478,,,,,,,
Scala.13,1011830,,,,,,,
Scala.14,134653,,,,,,,
Scala.15,15369417,,,,,,,
Scala.16,80405,,,,,,,
Scala.17,36377,,,,,,,
Scala.18,94251,,,,,,,
Scala.19,119339,,,,,,,
Scala.2,36,,,,,,,
Scala.20,215556,,,,,,,
Scala.21,2483040,,,,,,,
Scala.22,41339,,,,,,,
Scala.23,19208,,,,,,,
Scala.24,1686449,,,,,,,
Scala.25,121434,,,,,,,
Scala.26,167234,,,,,,,
Scala.27,70630,,,,,,,
Scala.28,40861,,,,,,,
Scala.29,1123,,,,,,,
Scala.3,47406,,,,,,,
Scala.4,1069073,,,,,,,
Scala.5,7097,,,,,,,
Scala.6,51033,,,,,,,
Scala.7,52968,,,,,,,
Scala.8,28757,,,,,,,
Scala.9,21316,,,,,,,
Scheme,612,,,,,,,
Scheme.1,1112,,,,,,,
Scilab,21433,,,,,,,
Shell,698,,,,,,,
Shell.1,698,,,,,,,
Shell.10,367,,,,,,,
Shell.100,562,,,,,,,
Shell.101,274,,,,,,,
Shell.102,958,,,,,,,
Shell.103,132247,,,,,,,
Shell.104,8355,,,,,,,
Shell.105,4069,,,,,,,
Shell.106,1984,,,,,,,
Shell.107,406,,,,,,,
Shell.108,1089448,,,,,,,
Shell.109,20702,,,,,,,
Shell.11,2112,,,,,,,
Shell.110,66445,,,,,,,
Shell.111,143238,,,,,,,
Shell.112,2219,,,,,,,
Shell.113,11957,,,,,,,
Shell.114,340,,,,,,,
Shell.115,681,,,,,,,
Shell.116,28,,,,,,,
Shell.117,508204,,,,,,,
Shell.118,372540,,,,,,,
Shell.119,14833,,,,,,,
Shell.12,1804,,,,,,,
Shell.120,6190,,,,,,,
Shell.121,684,,,,,,,
Shell.122,104,,,,,,,
Shell.123,5194,,,,,,,
Shell.124,3111,,,,,,,
Shell.125,104,,,,,,,
Shell.126,1538,,,,,,,
Shell.127,5704,,,,,,,
Shell.128,40681,,,,,,,
Shell.129,1291,,,,,,,
Shell.13,5786,,,,,,,
Shell.130,32688,,,,,,,
Shell.131,1838,,,,,,,
Shell.132,2384,,,,,,,
Shell.133,608,,,,,,,
Shell.134,1345,,,,,,,
Shell.135,888,,,,,,,
Shell.136,884,,,,,,,
Shell.137,237281,,,,,,,
Shell.138,13819,,,,,,,
Shell.139,679,,,,,,,
Shell.14,11330,,,,,,,
Shell.140,1076,,,,,,,
Shell.141,527,,,,,,,
Shell.142,2468,,,,,,,
Shell.143,3285,,,,,,,
Shell.144,5167,,,,,,,
Shell.145,119,,,,,,,
Shell.146,243,,,,,,,
Shell.147,1905,,,,,,,
Shell.148,3119,,,,,,,
Shell.149,27736,,,,,,,
Shell.15,545,,,,,,,
Shell.150,39420,,,,,,,
Shell.151,2291,,,,,,,
Shell.152,37292,,,,,,,
Shell.153,79146,,,,,,,
Shell.154,25408,,,,,,,
Shell.155,6488,,,,,,,
Shell.156,10312,,,,,,,
Shell.157,163552,,,,,,,
Shell.158,39276,,,,,,,
Shell.159,2252,,,,,,,
Shell.16,12533,,,,,,,
Shell.160,967,,,,,,,
Shell.161,1123,,,,,,,
Shell.162,1498,,,,,,,
Shell.163,712,,,,,,,
Shell.164,43,,,,,,,
Shell.165,106,,,,,,,
Shell.166,1219,,,,,,,
Shell.167,245,,,,,,,
Shell.168,238,,,,,,,
Shell.169,163,,,,,,,
Shell.17,604,,,,,,,
Shell.170,80547,,,,,,,
Shell.171,3210,,,,,,,
Shell.172,585,,,,,,,
Shell.173,4915,,,,,,,
Shell.174,411,,,,,,,
Shell.175,364,,,,,,,
Shell.176,55,,,,,,,
Shell.177,491,,,,,,,
Shell.178,105,,,,,,,
Shell.179,1050,,,,,,,
Shell.18,276,,,,,,,
Shell.180,4092,,,,,,,
Shell.181,15351,,,,,,,
Shell.182,10138,,,,,,,
Shell.183,14069,,,,,,,
Shell.184,2110,,,,,,,
Shell.185,1428,,,,,,,
Shell.186,1428,,,,,,,
Shell.187,121,,,,,,,
Shell.188,73,,,,,,,
Shell.189,1308,,,,,,,
Shell.19,650,,,,,,,
Shell.190,4514,,,,,,,
Shell.191,174555,,,,,,,
Shell.192,7708,,,,,,,
Shell.193,49456,,,,,,,
Shell.194,1799,,,,,,,
Shell.195,3071,,,,,,,
Shell.196,170,,,,,,,
Shell.197,2573603,,,,,,,
Shell.198,40008,,,,,,,
Shell.199,4737,,,,,,,
Shell.2,7414,,,,,,,
Shell.20,1556,,,,,,,
Shell.200,903,,,,,,,
Shell.201,5110,,,,,,,
Shell.202,667,,,,,,,
Shell.203,1779,,,,,,,
Shell.204,256,,,,,,,
Shell.205,131,,,,,,,
Shell.206,3948,,,,,,,
Shell.207,24023,,,,,,,
Shell.208,2685,,,,,,,
Shell.209,4067,,,,,,,
Shell.21,489,,,,,,,
Shell.210,1523,,,,,,,
Shell.211,6326,,,,,,,
Shell.212,138911,,,,,,,
Shell.213,297,,,,,,,
Shell.214,413,,,,,,,
Shell.215,1529,,,,,,,
Shell.216,15217,,,,,,,
Shell.217,6115,,,,,,,
Shell.218,19202,,,,,,,
Shell.219,6363,,,,,,,
Shell.22,166,,,,,,,
Shell.220,20389,,,,,,,
Shell.221,327902,,,,,,,
Shell.222,1302,,,,,,,
Shell.223,842,,,,,,,
Shell.224,12207,,,,,,,
Shell.225,1483,,,,,,,
Shell.226,286383,,,,,,,
Shell.227,16660,,,,,,,
Shell.228,143,,,,,,,
Shell.229,311919,,,,,,,
Shell.23,2137,,,,,,,
Shell.230,1020,,,,,,,
Shell.231,4610,,,,,,,
Shell.232,57391,,,,,,,
Shell.233,12063,,,,,,,
Shell.234,159,,,,,,,
Shell.235,682,,,,,,,
Shell.236,1229,,,,,,,
Shell.237,742,,,,,,,
Shell.238,283,,,,,,,
Shell.239,7740,,,,,,,
Shell.24,2407,,,,,,,
Shell.240,410,,,,,,,
Shell.241,4505,,,,,,,
Shell.242,314558,,,,,,,
Shell.243,2559,,,,,,,
Shell.244,2616,,,,,,,
Shell.245,22582,,,,,,,
Shell.246,10523,,,,,,,
Shell.247,46,,,,,,,
Shell.248,5327,,,,,,,
Shell.249,447884,,,,,,,
Shell.25,62196,,,,,,,
Shell.250,130260,,,,,,,
Shell.251,11180,,,,,,,
Shell.252,1650,,,,,,,
Shell.253,2443,,,,,,,
Shell.254,1014954,,,,,,,
Shell.255,13,,,,,,,
Shell.256,3076,,,,,,,
Shell.257,3811,,,,,,,
Shell.258,387,,,,,,,
Shell.259,463,,,,,,,
Shell.26,3424,,,,,,,
Shell.260,8511,,,,,,,
Shell.261,192,,,,,,,
Shell.262,37147,,,,,,,
Shell.263,2489,,,,,,,
Shell.264,36388,,,,,,,
Shell.265,495,,,,,,,
Shell.266,87654,,,,,,,
Shell.267,1578,,,,,,,
Shell.268,553,,,,,,,
Shell.269,1352872,,,,,,,
Shell.27,6719,,,,,,,
Shell.270,2764,,,,,,,
Shell.271,884,,,,,,,
Shell.272,1385,,,,,,,
Shell.273,505,,,,,,,
Shell.274,261,,,,,,,
Shell.275,2956,,,,,,,
Shell.276,265906,,,,,,,
Shell.277,475,,,,,,,
Shell.278,1187,,,,,,,
Shell.279,4274,,,,,,,
Shell.28,9173,,,,,,,
Shell.280,449,,,,,,,
Shell.281,319,,,,,,,
Shell.282,319457,,,,,,,
Shell.283,494,,,,,,,
Shell.284,25572,,,,,,,
Shell.285,337695,,,,,,,
Shell.286,3666,,,,,,,
Shell.29,59,,,,,,,
Shell.3,1804,,,,,,,
Shell.30,75,,,,,,,
Shell.31,51,,,,,,,
Shell.32,294,,,,,,,
Shell.33,66977,,,,,,,
Shell.34,4634,,,,,,,
Shell.35,3115,,,,,,,
Shell.36,12709,,,,,,,
Shell.37,214,,,,,,,
Shell.38,2929,,,,,,,
Shell.39,11213,,,,,,,
Shell.4,1804,,,,,,,
Shell.40,13950,,,,,,,
Shell.41,1147,,,,,,,
Shell.42,317,,,,,,,
Shell.43,3187,,,,,,,
Shell.44,1252,,,,,,,
Shell.45,526,,,,,,,
Shell.46,36367,,,,,,,
Shell.47,318718,,,,,,,
Shell.48,1999,,,,,,,
Shell.49,32312,,,,,,,
Shell.5,5463,,,,,,,
Shell.50,1841,,,,,,,
Shell.51,2084,,,,,,,
Shell.52,211,,,,,,,
Shell.53,12135,,,,,,,
Shell.54,7499,,,,,,,
Shell.55,8123,,,,,,,
Shell.56,552,,,,,,,
Shell.57,642,,,,,,,
Shell.58,2925,,,,,,,
Shell.59,1578,,,,,,,
Shell.6,1402,,,,,,,
Shell.60,169,,,,,,,
Shell.61,10149,,,,,,,
Shell.62,676,,,,,,,
Shell.63,590,,,,,,,
Shell.64,1593,,,,,,,
Shell.65,1459,,,,,,,
Shell.66,1128,,,,,,,
Shell.67,770,,,,,,,
Shell.68,350,,,,,,,
Shell.69,869,,,,,,,
Shell.7,698,,,,,,,
Shell.70,742,,,,,,,
Shell.71,6109,,,,,,,
Shell.72,843,,,,,,,
Shell.73,268,,,,,,,
Shell.74,412,,,,,,,
Shell.75,42345,,,,,,,
Shell.76,18153,,,,,,,
Shell.77,5131,,,,,,,
Shell.78,19682,,,,,,,
Shell.79,1063,,,,,,,
Shell.8,158,,,,,,,
Shell.80,226,,,,,,,
Shell.81,124,,,,,,,
Shell.82,386,,,,,,,
Shell.83,3170,,,,,,,
Shell.84,1121,,,,,,,
Shell.85,350,,,,,,,
Shell.86,145,,,,,,,
Shell.87,1085,,,,,,,
Shell.88,1770,,,,,,,
Shell.89,284,,,,,,,
Shell.9,2247,,,,,,,
Shell.90,1272,,,,,,,
Shell.91,1318,,,,,,,
Shell.92,134,,,,,,,
Shell.93,722,,,,,,,
Shell.94,963,,,,,,,
Shell.95,980,,,,,,,
Shell.96,556,,,,,,,
Shell.97,2141,,,,,,,
Shell.98,80,,,,,,,
Shell.99,6140,,,,,,,
Smalltalk,298,,,,,,,
Smalltalk.1,5288,,,,,,,
Smalltalk.2,618,,,,,,,
Smarty,1338,,,,,,,
Smarty.1,18923,,,,,,,
Smarty.2,11272,,,,,,,
Smarty.3,4441,,,,,,,
Smarty.4,193,,,,,,,
Smarty.5,1005,,,,,,,
SourcePawn,2185,,,,,,,
SQLPL,2312,,,,,,,
Standard.ML,965,,,,,,,
Swift,673400,,,,,,,
Swift.1,4989,,,,,,,
Swift.2,26887,,,,,,,
Swift.3,19406,,,,,,,
Tcl,6073555,,,,,,,
Terra,286,,,,,,,
TeX,377742,,,,,,,
TeX.1,426408,,,,,,,
TeX.10,319236,,,,,,,
TeX.11,75048,,,,,,,
TeX.12,9521,,,,,,,
TeX.13,570324,,,,,,,
TeX.14,7588,,,,,,,
TeX.15,482720,,,,,,,
TeX.2,87370,,,,,,,
TeX.3,284319,,,,,,,
TeX.4,39867,,,,,,,
TeX.5,2360,,,,,,,
TeX.6,947,,,,,,,
TeX.7,1320,,,,,,,
TeX.8,39481,,,,,,,
TeX.9,60798,,,,,,,
Thrift,122,,,,,,,
Thrift.1,19505,,,,,,,
Thrift.2,17818,,,,,,,
Thrift.3,288,,,,,,,
TypeScript,6538,,,,,,,
TypeScript.1,195,,,,,,,
TypeScript.2,194352,,,,,,,
TypeScript.3,7210,,,,,,,
TypeScript.4,777,,,,,,,
TypeScript.5,55,,,,,,,
TypeScript.6,19367714,,,,,,,
TypeScript.7,46247425,,,,,,,
TypeScript.8,38,,,,,,,
UnrealScript,50761,,,,,,,
UnrealScript.1,11588,,,,,,,
UrWeb,65535,,,,,,,
Vala,1572,,,,,,,
VCL,5217,,,,,,,
Vim.script,1298,,,,,,,
Vim.script.1,5952,,,,,,,
Vim.script.10,3970,,,,,,,
Vim.script.11,68055,,,,,,,
Vim.script.12,24486,,,,,,,
Vim.script.13,1438,,,,,,,
Vim.script.14,397809,,,,,,,
Vim.script.15,4178,,,,,,,
Vim.script.16,7159,,,,,,,
Vim.script.17,3910,,,,,,,
Vim.script.18,969,,,,,,,
Vim.script.19,65658,,,,,,,
Vim.script.2,51917,,,,,,,
Vim.script.20,16662,,,,,,,
Vim.script.21,9189,,,,,,,
Vim.script.22,988,,,,,,,
Vim.script.23,4765,,,,,,,
Vim.script.24,32543,,,,,,,
Vim.script.25,18915,,,,,,,
Vim.script.26,375551,,,,,,,
Vim.script.27,1897786,,,,,,,
Vim.script.28,2461,,,,,,,
Vim.script.3,2694,,,,,,,
Vim.script.4,1401108,,,,,,,
Vim.script.5,1401108,,,,,,,
Vim.script.6,3713,,,,,,,
Vim.script.7,7660,,,,,,,
Vim.script.8,49828,,,,,,,
Vim.script.9,78250,,,,,,,
Visual.Basic,6402,,,,,,,
Visual.Basic.1,1742,,,,,,,
Visual.Basic.2,1418004,,,,,,,
Volt,769,,,,,,,
WebAssembly,1198049,,,,,,,
XSLT,8281,,,,,,,
XSLT.1,4929,,,,,,,
XSLT.10,2222,,,,,,,
XSLT.11,3426,,,,,,,
XSLT.12,391,,,,,,,
XSLT.13,7946,,,,,,,
XSLT.2,113531,,,,,,,
XSLT.3,27654,,,,,,,
XSLT.4,2062,,,,,,,
XSLT.5,2062,,,,,,,
XSLT.6,17374,,,,,,,
XSLT.7,451254,,,,,,,
XSLT.8,2945,,,,,,,
XSLT.9,7946,,,,,,,
Yacc,80266,,,,,,,
Yacc.1,3224,,,,,,,
Yacc.2,71674,,,,,,,
Yacc.3,3652,,,,,,,
Yacc.4,10050,,,,,,,
Yacc.5,82095,,,,,,,
Yacc.6,983,,,,,,,
Zimpl,565,,,,,,,
